"","average share of female collaborators","average share of male collaborators","average share of NA collaborators (gender not classified)"
"female authors",29.5765765543032,49.5761324929227,20.847290952774
"male authors",17.5823718118339,61.3125636654532,21.1050645227129
"NA authors",11.6761777628662,32.6187211637842,55.7051010733495
