"","Var1","Freq"
"1","female",21.2711919595372
"2","male",45.5855058935898
"3",NA,33.143302146873
