"","Var1","Freq"
"1","female",14.9608624700082
"2","male",23.404523465599
"3",NA,15.8528581015804
