"","Var1","Freq"
"1","female",13.5488128194416
"2","male",61.2714799442429
"3",NA,25.1797072363155
